﻿,ID,"Data Abertura",Local,Cliente,Usuário,"Problema Relatado","Data Andamento",Hora,Status,"Data Encerramento",Hora,Duração,Técnico,Ações
,44708,"15/04/2021 - Hora: 09:03",Offsite,"Sete Brasil","Renato Sanches","Problemas para acessar o e-mail   - Resolução: Ele possuía um atalho na área de trabalho que redirecionava ao  webmail e sumiu. Adicionei o webmail à barra de favoritos no Chrome e fixei para facilitar o acesso.   - Categoria: Software",19/04/2021,10:41,Finalizado,19/04/2021,10:44,00:03,"Thiago Kusal",
,44694,"16/04/2021 - Hora: 16:59
- Aberto por: Thayla Marques",Offsite,"Sete Brasil",Geral,"Reiniciar servidor   - Categoria: Software","Não Iniciado","Não Iniciado","Agendado  Data: 08/05/2021 Hora:",,,,"Anderson de Araujo",
,44609,"14/04/2021 - Hora: 17:39",Offsite,"Sete Brasil","Leo Fraga","Ajustes no Outlook após atualização   - Resolução: usuário disse que já fez o ajuste que precisava.   - Observação: Usuário pediu para retornar amanhã.  - Categoria: Software",16/04/2021,11:07,Finalizado,16/04/2021,11:29,00:37,"Raphael Pereira",
,44277,"01/04/2021 - Hora: 12:20",Offsite,"Sete Brasil",Geral,"Thayrine da BPO sem acesso aos arquivos de retorno da aplicação do Santander.   - Resolução: A aplicação do OneDrive estava fechado no servidor secndário. Foi reaberto e normalizou.   - Categoria: Software",01/04/2021,12:20,Finalizado,01/04/2021,12:55,00:35,"Anderson de Araujo",
,44174,"30/03/2021 - Hora: 10:37",Onsite,"Sete Brasil","Luiz Carneiro","Atualização do HD externo do Luiz Carneiro com o backup da rede.   - Resolução: HD externo atualizado.   - Categoria: Outros",30/03/2021,10:37,Finalizado,01/04/2021,12:55,50:18,"Anderson de Araujo",
,43992,"18/03/2021 - Hora: 11:22",Offsite,"Sete Brasil",Geral,"Atualização do backup externo (HD)   - Resolução: Backup externo atualizado.   - Categoria: Software",18/03/2021,11:22,Finalizado,19/03/2021,15:41,13:19,"Anderson de Araujo",
,43990,"04/03/2021 - Hora: 15:18",Offsite,"Sete Brasil",Geral,"Aquisição de espaço para o ambiente do SharePoint (500GB)   - Resolução: Aquisição realizada.   - Categoria: Software",04/03/2021,15:18,Finalizado,04/03/2021,16:43,01:24,"Anderson de Araujo",
,43989,"05/03/2021 - Hora: 10:17",Offsite,"Sete Brasil",Geral,"Correção de erros de sincronismo com o OneDrive.   - Resolução: Arquivos com erros de longpath foram ajustados.   - Categoria: Software",05/03/2021,10:17,Finalizado,05/03/2021,17:18,07:00,"Anderson de Araujo",
,43988,"01/03/2021 - Hora: 13:17",Offsite,"Sete Brasil",Geral,"Acompanhamento e ajustes de upload de arquivos da pasta Projetos   - Resolução: Pasta Projetos anviada ao SharePoint.   - Categoria: Software",01/03/2021,13:17,Finalizado,05/03/2021,14:45,37:28,"Anderson de Araujo",
,43174,"08/02/2021 - Hora: 10:30",Onsite,"Sete Brasil",Geral,"Inserção do novo HD externo para download / upload de arquivos do SHarePoint.   - Resolução: Hd instalado e em processo de download.   - Categoria: Software",08/02/2021,10:30,Finalizado,08/02/2021,11:43,01:13,"Anderson de Araujo",
